{
  "leak_exact": 0.6495153546784412,
  "leak_coexact": 0.2768162684559122,
  "leak_harm": 0.1349698619293765,
  "node_mix_gain": 0.7160640257460582,
  "edge_mix_gain": 0.5557555189061238,
  "face_mix_gain": 0.1037455857627315,
  "input_scale_node": 0.2938888590530921,
  "input_scale_edge": 0.010423397476614613,
  "input_scale_face": 0.043123434623553863,
  "heat0": 0.061798222233033044,
  "heat1": 0.003044188879500464,
  "heat2": 0.041557138277478374,
  "alpha_raw": 0.223522565120664,
  "beta_raw": 0.6392041905368561,
  "gamma_raw": 0.8382533575047236,
  "num_nodes": 400,
  "avg_degree": 9,
  "lam_node": 0.5480106550885367,
  "lam_edge": 0.3478428614882868,
  "lam_face": 0.3646039350300208,
  "ridge_alpha": 4.290776719846121e-06,
  "projector_eps": 0.00014384668144573162,
  "cg_tol": 0.00024806038318107214,
  "cg_maxiter": 100,
  "proj_every": 2,
  "use_poly": true,
  "feature_mode": "full"
}